timestamp,process_cpu_percent,system_relative_cpu,ram_rss_mb,ram_vms_mb
1780047356.1208322,257.7,64.425,4627.0703125,8160.42578125
1780047357.1213233,119.0,29.75,4628.44140625,8163.42578125
1780047358.1336896,1.0,0.25,4628.44140625,8163.42578125
1780047359.1554284,0.0,0.0,4628.44140625,8163.42578125
1780047360.1561909,26.0,6.5,4628.85546875,8163.42578125
1780047361.1569057,219.9,54.975,4633.95703125,8188.42578125
1780047362.1805642,31.3,7.825,4634.609375,8191.42578125
1780047363.1833825,0.0,0.0,4634.609375,8191.42578125
1780047364.2199976,0.0,0.0,4634.609375,8191.42578125
1780047365.223301,42.9,10.725,4635.56640625,8191.42578125
1780047366.227349,218.2,54.55,4637.01953125,8191.42578125
1780047367.228108,45.0,11.25,4637.16015625,8191.42578125
1780047368.2323673,0.0,0.0,4637.16015625,8191.42578125
1780047369.2517877,0.0,0.0,4637.16015625,8191.42578125
1780047370.2563608,50.0,12.5,4637.3515625,8191.42578125
1780047371.2571447,205.9,51.475,4638.91796875,8191.42578125
1780047372.2580738,0.0,0.0,4638.91796875,8191.42578125
1780047373.2661862,1.0,0.25,4638.91796875,8191.42578125
1780047374.2692266,0.0,0.0,4638.91796875,8191.42578125
1780047375.2701771,50.0,12.5,4639.109375,8191.42578125
1780047376.2726097,191.8,47.95,4640.6875,8191.42578125
1780047377.2731423,0.0,0.0,4640.6875,8191.42578125
1780047378.3085,0.0,0.0,4640.6875,8191.42578125
1780047379.3103886,0.0,0.0,4640.6875,8191.42578125
1780047380.3133078,57.9,14.475,4641.3125,8191.42578125
1780047381.3138077,204.9,51.225,4642.71484375,8191.42578125
1780047382.3150783,1.0,0.25,4642.71875,8191.42578125
1780047383.3157187,0.0,0.0,4642.71875,8191.42578125
1780047384.3170307,1.0,0.25,4642.71875,8191.42578125
1780047385.325022,62.6,15.65,4642.97265625,8191.42578125
1780047386.326309,178.9,44.725,4643.65234375,8191.42578125
1780047387.328165,0.0,0.0,4643.65234375,8191.42578125
1780047388.3296235,0.0,0.0,4643.65234375,8191.42578125
1780047389.330381,1.0,0.25,4643.65234375,8191.42578125
1780047390.3390067,61.9,15.475,4649.2109375,8191.42578125
1780047391.341784,143.7,35.925,4649.87890625,8191.42578125
1780047392.3438175,0.0,0.0,4649.87890625,8191.42578125
1780047393.3522964,1.0,0.25,4649.87890625,8191.42578125
1780047394.354646,1.0,0.25,4649.87890625,8191.42578125
1780047395.3554451,70.0,17.5,4650.328125,8191.42578125
1780047396.3563745,92.0,23.0,4650.40234375,8191.42578125
1780047397.3631666,1.0,0.25,4650.40234375,8191.42578125
1780047398.3642294,0.0,0.0,4649.75,8191.42578125
1780047399.365351,0.0,0.0,4649.75,8191.42578125
1780047400.366378,72.9,18.225,4644.23046875,8191.42578125
1780047401.3864434,113.8,28.45,4645.6328125,8191.42578125
1780047402.4089117,0.0,0.0,4645.6328125,8191.42578125
1780047403.4095635,0.0,0.0,4645.6328125,8191.42578125
1780047404.4103374,0.0,0.0,4645.6328125,8191.42578125
1780047405.4145868,82.7,20.675,4646.265625,8191.42578125
1780047406.4159904,133.9,33.475,4648.62890625,8191.42578125
1780047407.4169033,1.0,0.25,4648.62890625,8191.42578125
1780047408.417769,0.0,0.0,4648.62890625,8191.42578125
1780047409.4265747,0.0,0.0,4648.62890625,8191.42578125
1780047410.4301138,79.8,19.95,4649.51171875,8191.42578125
1780047411.4312057,166.9,41.725,4650.71875,8191.42578125
1780047412.432204,0.0,0.0,4650.71875,8191.42578125
1780047413.447245,0.0,0.0,4650.71875,8191.42578125
1780047414.4492116,1.0,0.25,4650.71875,8191.42578125
1780047415.4502685,72.0,18.0,4650.38671875,8191.42578125
1780047416.451642,88.9,22.225,4650.9765625,8191.42578125
1780047417.4594073,0.0,0.0,4650.9765625,8191.42578125
1780047418.4600933,0.0,0.0,4650.9765625,8191.42578125
1780047419.4630694,0.0,0.0,4650.9765625,8191.42578125
1780047420.4639015,84.0,21.0,4651.23046875,8191.42578125
1780047421.467407,83.8,20.95,4651.86328125,8191.42578125
1780047422.4767447,2.0,0.5,4651.86328125,8191.42578125
1780047423.4776788,0.0,0.0,4651.86328125,8191.42578125
1780047424.4963474,0.0,0.0,4651.86328125,8191.42578125
1780047425.4973848,83.0,20.75,4652.13671875,8191.42578125
1780047426.499851,123.8,30.95,4662.953125,8191.42578125
1780047427.5202715,0.0,0.0,4662.953125,8191.42578125
1780047428.5208259,0.0,0.0,4662.953125,8191.42578125
1780047429.5326953,0.0,0.0,4662.953125,8191.42578125
1780047430.5336573,83.9,20.975,4650.265625,8191.42578125
1780047431.5399408,36.9,9.225,4650.84765625,8191.42578125
1780047432.5415637,0.0,0.0,4650.84765625,8191.42578125
1780047433.5434754,0.0,0.0,4650.84765625,8191.42578125
1780047434.5488427,0.0,0.0,4650.84765625,8191.42578125
1780047435.5616596,70.2,17.55,4651.85546875,8191.42578125
1780047436.5625932,77.0,19.25,4652.4140625,8191.42578125
1780047437.5640674,0.0,0.0,4652.4140625,8191.42578125
1780047438.567395,0.0,0.0,4652.4140625,8191.42578125
1780047439.573133,1.0,0.25,4652.4140625,8191.42578125
1780047440.5741508,97.9,24.475,4652.9921875,8191.42578125
1780047441.5753543,79.0,19.75,4653.30078125,8191.42578125
1780047442.5767682,0.0,0.0,4653.30078125,8191.42578125
1780047443.5786164,1.0,0.25,4653.30078125,8191.42578125
1780047444.5791166,0.0,0.0,4653.30078125,8191.42578125
1780047445.582325,102.9,25.725,4653.42578125,8191.42578125
1780047446.5833917,72.9,18.225,4652.078125,8191.42578125
1780047447.5854104,0.0,0.0,4652.078125,8191.42578125
1780047448.5863318,1.0,0.25,4652.078125,8191.42578125
1780047449.586988,0.0,0.0,4652.078125,8191.42578125
1780047450.588094,73.9,18.475,4652.13671875,8191.42578125
1780047451.6148548,43.0,10.75,4652.59375,8191.42578125
1780047452.6351042,0.0,0.0,4652.59375,8191.42578125
1780047453.6356416,1.0,0.25,4652.59375,8191.42578125
1780047454.639905,0.0,0.0,4652.59375,8191.42578125
1780047455.6410317,107.9,26.975,4652.84765625,8191.42578125
1780047456.6438253,33.9,8.475,4653.36328125,8191.42578125
1780047457.644639,0.0,0.0,4653.36328125,8191.42578125
1780047458.6546907,0.0,0.0,4653.36328125,8191.42578125
1780047459.6556942,0.0,0.0,4653.36328125,8191.42578125
1780047460.6572907,98.9,24.725,4654.59765625,8191.42578125
1780047461.6653092,24.8,6.2,4654.59765625,8191.42578125
1780047462.6768763,0.0,0.0,4654.59765625,8191.42578125
1780047463.6869817,0.0,0.0,4654.59765625,8191.42578125
1780047464.6885376,1.0,0.25,4654.59765625,8191.42578125
1780047465.6902003,111.9,27.975,4655.4765625,8191.42578125
1780047466.699493,19.8,4.95,4655.66015625,8191.42578125
1780047467.71483,0.0,0.0,4655.66015625,8191.42578125
1780047468.719083,0.0,0.0,4655.66015625,8191.42578125
1780047469.7253659,0.0,0.0,4655.66015625,8191.42578125
1780047470.7264984,97.0,24.25,4655.91015625,8191.42578125
1780047471.7339895,16.9,4.225,4654.875,8191.42578125
1780047472.7350419,1.0,0.25,4654.875,8191.42578125
1780047473.7360773,0.0,0.0,4654.875,8191.42578125
1780047474.742301,0.0,0.0,4654.875,8191.42578125
1780047475.7452183,107.9,26.975,4655.69140625,8191.42578125
1780047476.7490625,32.9,8.225,4656.3203125,8191.42578125
1780047477.7751412,1.0,0.25,4656.3203125,8191.42578125
1780047478.7779596,0.0,0.0,4656.3203125,8191.42578125
1780047479.781111,0.0,0.0,4656.3203125,8191.42578125
1780047480.781925,108.0,27.0,4656.578125,8191.42578125
1780047481.7878854,55.7,13.925,4657.078125,8191.42578125
1780047482.8021197,0.0,0.0,4657.078125,8191.42578125
1780047483.804577,1.0,0.25,4657.078125,8191.42578125
1780047484.8058012,1.0,0.25,4657.078125,8191.42578125
1780047485.8062072,103.0,25.75,4658.5859375,8191.42578125
1780047486.8075886,15.0,3.75,4659.02734375,8191.42578125
1780047487.812338,0.0,0.0,4659.02734375,8191.42578125
1780047488.8131888,0.0,0.0,4659.02734375,8191.42578125
1780047489.8138638,1.0,0.25,4659.02734375,8191.42578125
1780047490.8151853,85.9,21.475,4666.359375,8191.42578125
1780047491.817519,25.9,6.475,4666.6796875,8191.42578125
1780047492.820221,0.0,0.0,4666.6796875,8191.42578125
1780047493.8213124,0.0,0.0,4666.6796875,8191.42578125
1780047494.8224235,1.0,0.25,4666.6796875,8191.42578125
1780047495.8233886,104.9,26.225,4667.1875,8191.42578125
1780047496.8248453,1.0,0.25,4665.4375,8191.42578125
1780047497.8417199,0.0,0.0,4665.4375,8191.42578125
1780047498.8496978,1.0,0.25,4665.4375,8191.42578125
1780047499.8513677,0.0,0.0,4665.4375,8191.42578125
1780047500.8521135,104.0,26.0,4666.0,8191.42578125
1780047501.8547406,4.0,1.0,4666.25390625,8191.42578125
1780047502.8570457,0.0,0.0,4666.25390625,8191.42578125
1780047503.8615198,0.0,0.0,4666.25390625,8191.42578125
1780047504.8633845,1.0,0.25,4666.25390625,8191.42578125
1780047505.864182,89.0,22.25,4661.06640625,8191.42578125
1780047506.8724935,1.0,0.25,4661.06640625,8191.42578125
1780047507.873131,0.0,0.0,4661.06640625,8191.42578125
1780047508.8799007,0.0,0.0,4661.06640625,8191.42578125
1780047509.8806958,1.0,0.25,4661.06640625,8191.42578125
1780047510.881433,134.0,33.5,4662.58203125,8191.42578125
1780047511.8823178,9.0,2.25,4662.5859375,8191.42578125
1780047512.8829246,0.0,0.0,4662.5859375,8191.42578125
1780047513.8855054,0.0,0.0,4662.5859375,8191.42578125
1780047514.8858724,0.0,0.0,4662.5859375,8191.42578125
1780047515.8865607,102.0,25.5,4662.65234375,8191.42578125
1780047516.887449,0.0,0.0,4662.65234375,8191.42578125
1780047517.9016588,0.0,0.0,4662.65234375,8191.42578125
1780047518.921281,1.0,0.25,4662.65234375,8191.42578125
1780047519.9283593,0.0,0.0,4662.65234375,8191.42578125
1780047520.9288764,100.0,25.0,4666.5,8191.42578125
1780047521.9441023,0.0,0.0,4666.5,8191.42578125
1780047522.9545827,0.0,0.0,4666.5,8191.42578125
1780047523.956861,0.0,0.0,4666.5,8191.42578125
1780047524.9589791,1.0,0.25,4666.5,8191.42578125
1780047525.9595597,109.0,27.25,4666.74609375,8191.42578125
1780047526.9607437,1.0,0.25,4666.74609375,8191.42578125
1780047527.9757059,0.0,0.0,4666.74609375,8191.42578125
1780047528.9761481,0.0,0.0,4666.74609375,8191.42578125
1780047529.9784036,0.0,0.0,4666.74609375,8191.42578125
1780047530.9798427,127.9,31.975,4666.87109375,8191.42578125
1780047531.9823935,4.0,1.0,4666.99609375,8191.42578125
1780047532.9852812,2.0,0.5,4666.99609375,8191.42578125
1780047533.9889495,0.0,0.0,4666.99609375,8191.42578125
1780047535.0003512,0.0,0.0,4666.99609375,8191.42578125
1780047536.001577,140.9,35.225,4673.4921875,8191.42578125
1780047537.0022988,3.0,0.75,4673.4921875,8191.42578125
1780047538.0050743,0.0,0.0,4673.4921875,8191.42578125
1780047539.0067618,0.0,0.0,4673.4921875,8191.42578125
1780047540.0072558,0.0,0.0,4673.4921875,8191.42578125
1780047541.0077803,93.0,23.25,4668.34375,8191.42578125
1780047542.012492,0.0,0.0,4668.34375,8191.42578125
1780047543.0137668,1.0,0.25,4668.34375,8191.42578125
1780047544.0202358,1.0,0.25,4668.34375,8191.42578125
1780047545.0210924,0.0,0.0,4668.41015625,8191.42578125
1780047546.0232606,89.9,22.475,4667.26953125,8191.42578125
1780047547.0252,0.0,0.0,4667.26953125,8191.42578125
1780047548.0261977,1.0,0.25,4667.26953125,8191.42578125
1780047549.0275934,0.0,0.0,4667.26953125,8191.42578125
1780047550.0304353,2.0,0.5,4667.26953125,8191.42578125
1780047551.0311775,123.0,30.75,4667.671875,8191.42578125
1780047552.0415707,1.0,0.25,4667.671875,8191.42578125
1780047553.0446622,0.0,0.0,4667.671875,8191.42578125
1780047554.0462558,0.0,0.0,4667.671875,8191.42578125
1780047555.0467448,2.0,0.5,4667.671875,8191.42578125
1780047556.0505354,83.7,20.925,4668.01171875,8191.42578125
1780047557.0514429,0.0,0.0,4668.01171875,8191.42578125
1780047558.0523472,1.0,0.25,4668.01171875,8191.42578125
1780047559.0562608,0.0,0.0,4668.01171875,8191.42578125
1780047560.057202,2.0,0.5,4668.01171875,8191.42578125
1780047561.0703049,100.8,25.2,4673.81640625,8191.42578125
1780047562.0721617,1.0,0.25,4673.81640625,8191.42578125
1780047563.0725744,0.0,0.0,4673.81640625,8191.42578125
1780047564.073373,0.0,0.0,4673.81640625,8191.42578125
1780047565.0749016,6.0,1.5,4673.82421875,8191.42578125
1780047566.0760655,106.9,26.725,4674.625,8191.42578125
1780047567.0772243,15.0,3.75,4674.9375,8191.42578125
1780047568.0801647,1.0,0.25,4674.9375,8191.42578125
1780047569.0810804,0.0,0.0,4674.9375,8191.42578125
1780047570.082654,1.0,0.25,4674.9375,8191.42578125
1780047571.083342,2.0,0.5,4673.671875,8191.42578125
1780047572.084382,0.0,0.0,4673.671875,8191.42578125
1780047573.0858376,1.0,0.25,4673.671875,8191.42578125
1780047574.0868175,0.0,0.0,4673.671875,8191.42578125
1780047575.0882971,1.0,0.25,4673.671875,8191.42578125
1780047576.0892892,0.0,0.0,4673.671875,8191.42578125
1780047577.0903578,1.0,0.25,4673.671875,8191.42578125
1780047578.0923724,0.0,0.0,4673.671875,8191.42578125
1780047579.0930138,1.0,0.25,4673.671875,8191.42578125
1780047580.0948129,1.0,0.25,4673.671875,8191.42578125
1780047581.0963674,1.0,0.25,4673.609375,8191.42578125
1780047582.0986648,0.0,0.0,4673.609375,8191.42578125
1780047583.0990515,40.0,10.0,4655.84375,7990.42578125
